Name,S1,S2
s1,0.02196559693008659,0.16085889083234367
s2,0.1462661342273381,0.06067423067202293
s3,0.11107600897045529,0.0024792424822818455
s4,0.13986719818609594,0.04763906210466145
s5,0.17913170127153505,0.012226835220202596
s6,0.038272290751051465,0.061174122284730036
s7,0.06164813116217309,0.0245668432872574
s8,0.009078935538590668,0.2593480756046921
s9,0.1325054717576573,0.19857033810626493
s10,0.16018853120501644,0.1724623594055431
