Name,A,B,Signal
s1,0.45659153008647263,0.17961407788357195,A
s2,0.11098383002460376,1.0,B
s3,0.33585344982124415,0.29683444445490076,A
s4,0.53701585729437,0.371844718743631,A
s5,0.4653196325500553,0.5967032922065278,A
s6,0.1954211898564133,0.22255939898924626,A
s7,0.04636696330101444,0.422131130432627,B
s8,0.7185707057607039,0.14527937899440416,A
s9,1.0,0.3452834427418026,A
s10,0.788439294582222,0.6699709507735824,A
