Name,A,B,Signal
s1,0.12262261104074625,0.620243240507135,B
s2,0.8165284714491826,0.23394902981468363,A
s3,0.6200801320034459,0.009559517557634777,B
s4,0.7808065082465756,0.18368774086172387,B
s5,1.0,0.0471444994981925,B
s6,0.2136544814758209,0.23587652286255592,B
s7,0.3441497553173147,0.09472537334228417,A
s8,0.05068301966734773,1.0,B
s9,0.7397097823394206,0.7656518662931325,B
s10,0.8942500409918858,0.6649841492111807,B
